,sum_sq,df,F,PR(>F)
total_larvae_mean,25.180551911653666,1.0,5.810729114500737,0.0178128225970444
total_hatched_larvae_mean,753.1205142905252,1.0,173.79203261587008,2.3818319229688463e-23
total_mosquitoes_mean,6329.147901854515,1.0,1460.5304964053132,2.794878917330525e-60
cur_human_population_mean,7176.1742147750965,1.0,1655.9924733510204,9.008153442648341e-63
Residual,420.3454484455465,97.0,,
