,sum_sq,df,F,PR(>F)
total_larvae_mean,11.01921841743626,1.0,10.082851173488429,0.0020064774496993372
total_hatched_larvae_mean,81.04473088142426,1.0,74.15788751222013,1.3248589923658427e-13
total_mosquitoes_mean,5.355486248875686,1.0,4.900399353517916,0.029193676525201773
cur_human_population_mean,2.775898312520707,1.0,2.540014046150098,0.1142472411121563
Residual,106.00812886158225,97.0,,
