,sum_sq,df,F,PR(>F)
total_larvae_mean,19.283136805625222,1.0,8.77480083494821,0.0038410848580890783
total_hatched_larvae_mean,2.87710099948285,1.0,1.3092262170295732,0.2553505102120315
total_mosquitoes_mean,151.84150545716832,1.0,69.0955513252738,5.794241331665574e-13
cur_human_population_mean,146.2411189426029,1.0,66.54709270262347,1.2395516617661117e-12
Residual,213.1631595210658,97.0,,
