,sum_sq,df,F,PR(>F)
total_larvae_mean,94.22632092938659,1.0,46.61594845595023,7.53646532615729e-10
total_hatched_larvae_mean,176.25281378929213,1.0,87.19635874327587,3.608876944755073e-15
total_mosquitoes_mean,736.9735788352042,1.0,364.59793851151795,1.2564119553684878e-34
cur_human_population_mean,753.0445766176083,1.0,372.54863420748666,5.476078399932937e-35
Residual,196.06923022894844,97.0,,
