,sum_sq,df,F,PR(>F)
total_larvae_mean,83.55005112037955,1.0,32.769808855413075,1.1578208350387413e-07
total_hatched_larvae_mean,541.4910398168064,1.0,212.38237001374327,3.601938748077316e-26
total_mosquitoes_mean,2473.15291579231,1.0,970.0143474951514,2.6294498569397207e-52
cur_human_population_mean,2842.301854570637,1.0,1114.8010950881,5.459842078156472e-55
Residual,247.3116335354547,97.0,,
